address,suburb,postcode
51 Akoonah Way,D'Aguila,4514
13-21 Cash Street ,D'Aguila,4514
1849-1867 Wood Street,D'Aguila,4514
10 Acacia Avenue ,Surfers Paradise,4217
53 Burra Street ,Surfers Paradise,4217
36 Elliott Street ,Surfers Paradise,4217
68 Admiralty Drive ,Surfers Paradise,4217
20 Brindisi Avenue ,Surfers Paradise,4217
LOT28 Camille Drive ,Strathdickie,4800
875 Gregory-Cannonvalley Road ,Strathdickie,4800
845 Gregory-Cannonvalley Road ,Strathdickie,4800
44 Mountney Road ,Strathdickie,4800
34 Discovery Street,Red Hill,2603
18 Alexander Street ,Red Hill,2603
21-31 Beagle Street ,Red Hill,2603
49 Beagle Street,Red Hill,2603
2/49 Beagle Street ,Red Hill,2603
9 Borrowdale Street ,Red Hill,2603
1 Abbott Street ,Yarralumla,2600
1A Arkana Street ,Yarralumla,2600
3B Arkana Street ,Yarralumla,2600
2/12B Banks Street,Yarralumla,2600
9 Bentham Street ,Yarralumla,2600
11 Bentham Street ,Yarralumla,2600
3L/18 Bentham Street ,Yarralumla,2600
3A/29 Bentham Street,Yarralumla,2600
5/43B Bentham Street ,Yarralumla,2600
43B Bentham Street ,Yarralumla,2600
9 Cambage Street,Yarralumla,2600
9A Cambage Street ,Yarralumla,2600
1/9B Cambage Street ,Yarralumla,2600
2/1-7 Bougainville Street ,Griffith,2603
18 Packsaddle Road ,Marlow Lagoon,0830
6 Flockhart Drive ,Marlow Lagoon,0830
18 Campfire Court ,Marlow Lagoon,0830
3/12A A'beckett Street ,Prahran,3181
5/19 & 21 Leach Highway,Wilson,6107
19 & 21 Leach Highway,Wilson,6107
1/88 Kirkland Avenue ,Coorparoo,4151
1 O'Brien Street ,Charlestown,2290
2 Anembo Street,O'Sullivan Beach,5166
10 Anembo Street,O'Sullivan Beach,5166
6A D'Estrees Bay Road,D'Estrees,5223
78 Eighth Avenue ,Joslin,5070
1/88 Eighth Avenue  ,Joslin,5070
4/88 Eighth Avenue  ,Joslin,5070
2/88 Eighth Avenue  ,Joslin,5070
3/88 Eighth Avenue ,Joslin,5070
2 Acacia Grove ,East Devonport ,7310
62 Bel-Air Crescent ,East Devonport ,7310
